-- MySQL dump 10.13  Distrib 5.6.26, for osx10.8 (x86_64)
--
-- Host: bestofpennmysql.cqf3bokykxqv.us-east-1.rds.amazonaws.com    Database: BestOfDBMySQL
-- ------------------------------------------------------
-- Server version	5.6.27-log

/*!40101 SET @OLD_CHARACTER_SET_CLIENT=@@CHARACTER_SET_CLIENT */;
/*!40101 SET @OLD_CHARACTER_SET_RESULTS=@@CHARACTER_SET_RESULTS */;
/*!40101 SET @OLD_COLLATION_CONNECTION=@@COLLATION_CONNECTION */;
/*!40101 SET NAMES utf8 */;
/*!40103 SET @OLD_TIME_ZONE=@@TIME_ZONE */;
/*!40103 SET TIME_ZONE='+00:00' */;
/*!40014 SET @OLD_UNIQUE_CHECKS=@@UNIQUE_CHECKS, UNIQUE_CHECKS=0 */;
/*!40014 SET @OLD_FOREIGN_KEY_CHECKS=@@FOREIGN_KEY_CHECKS, FOREIGN_KEY_CHECKS=0 */;
/*!40101 SET @OLD_SQL_MODE=@@SQL_MODE, SQL_MODE='NO_AUTO_VALUE_ON_ZERO' */;
/*!40111 SET @OLD_SQL_NOTES=@@SQL_NOTES, SQL_NOTES=0 */;

--
-- Table structure for table `entities`
--

DROP TABLE IF EXISTS `entities`;
/*!40101 SET @saved_cs_client     = @@character_set_client */;
/*!40101 SET character_set_client = utf8 */;
CREATE TABLE `entities` (
  `entity_id` int(11) NOT NULL AUTO_INCREMENT,
  `creator_id` int(11) NOT NULL,
  `list_id` int(11) NOT NULL,
  `entity_name` varchar(20) NOT NULL,
  `entity_desc` varchar(200) DEFAULT NULL,
  `avg_rating` double DEFAULT '0',
  `flag_count` int(11) DEFAULT '0',
  PRIMARY KEY (`entity_id`),
  KEY `creator_id` (`creator_id`),
  KEY `list_id` (`list_id`)
) ENGINE=InnoDB AUTO_INCREMENT=392 DEFAULT CHARSET=latin1;
/*!40101 SET character_set_client = @saved_cs_client */;

--
-- Dumping data for table `entities`
--

LOCK TABLES `entities` WRITE;
/*!40000 ALTER TABLE `entities` DISABLE KEYS */;
INSERT INTO `entities` VALUES (1,5,1,'Beijing','Bleh Chinese food but it\'ll do for its close location on campus',2.10500776283156,0),(2,5,1,'Dim Sum Garden','Really good dim sum and it can get pretty rowdy',3.93725532141297,0),(3,5,1,'La Viola','Classy - until it\'s rowdy - Italian BYO',3.77061332194612,0),(4,5,1,'Banana Leaf','Great place to bring freshman for their first BYO',3.6424798593352,0),(5,5,1,'Iztaccihuatl','Commonly known as \"It\'s a shit hole\"',2.45602309620245,0),(6,5,2,'Tap House','Best Bloody Mary on campus',4.04360441372138,0),(7,5,2,'White Dog','Come with your parents',4.25345518938743,0),(8,5,2,'Renata\'s Kitchen','',4.05580031104712,0),(9,5,2,'Sabrina\'s Cafe','Drexel hotspot',4.68066437040885,0),(10,5,2,'Farmacy Rx','',3.96423708270227,0),(11,5,3,'Lynn\'s','',4.25081641604144,0),(12,5,3,'Don Memmo\'s','Best burrito on campus',3.94997219402322,0),(13,5,3,'Magic Carpet','Mediterranean. Great vegetarian/vegan food',3.38504983624726,0),(14,5,3,'Kim\'s Food Truck','',4.02968708288328,0),(15,5,3,'Nora\'s','',3.76923076923077,0),(16,5,4,'Saxby\'s','',3.73885823340366,0),(17,5,4,'Starbucks','',3.83352064123987,0),(18,5,4,'HubBub','For the trendy',4.25958931042494,0),(19,5,4,'Capogiro','',3.92411463943434,0),(20,5,4,'United by Blue','For the hipsters',3.8547350704108,0),(21,11,1,'Lolitas','Great mexican food!',2.97746298908426,0),(22,12,1,'Thai Singha','Best Thai On Campus',3.66390776108173,0),(23,12,1,'Sitar','Best Indian on campus',3.73208032237521,0),(24,12,1,'Will BYOB','$$$ but best food i have had here',3.33898305084746,0),(25,12,2,'Parc','Rittenhouse hotspot',4.11347876515902,0),(26,12,5,'Starbucks Under Comm','you know it',3,0),(27,12,4,'Elixr Cafe','Center City Quiet Spot',3.67893767504713,0),(28,12,8,'Rodin','',2.90028069179163,0),(29,12,8,'KCEH','',2.36721852625349,0),(30,12,8,'Harnwell','',2.41384434211752,0),(31,12,8,'Harrison','',3.10895485262789,0),(32,12,8,'Ware','',4.01353588944657,0),(33,12,8,'Riepe','',3.4316914324859,0),(34,12,8,'Sansom West','',1.94963738403163,0),(35,12,8,'Fisher','',3.19857327831048,0),(36,12,8,'Hill','',2.66676754127001,0),(37,12,9,'Sitar','',3.71429732300352,0),(38,12,9,'Han Dynasty','',4.98121623074461,0),(39,12,9,'Zestos','',3.61956556328181,0),(40,12,9,'Co-Zara','Hidden gem on 33rd and Chestnut',3.37629937629938,0),(41,12,9,'Ochatto','#Chattime never forget',4.49261371536733,0),(42,12,9,'SweetGreen','',4.20043360285808,0),(43,12,9,'Chipotle','',3.67882529834624,0),(44,12,9,'Bobby\'s','',3.50319566599084,0),(45,12,9,'Beijing','',2.29368575624082,0),(46,12,9,'Wawa','24 hour bae',3.51546597124634,0),(47,12,10,'Barbuzzo','Mediterranean, Italian, Tapas / Small Plates',4.39849319574125,0),(48,12,3,'Amir\'s Gyro','Guy who used to be on 38th and Walnut, now 41st and Walnut (THE BEST GYRO HANDS DOWN)',4.52102065561998,0),(49,12,3,'MexiCali','',4.22727272727273,0),(50,12,3,'Schmear It','Best bagels, under class of 1949 bridge',4.43902571152785,0),(51,12,3,'Bui\'s','',4.24206427029807,0),(52,12,12,'Best Of Penn','This One of course!!',3.29326171782699,1),(53,14,1,'Aksum','Really good food, but a little bit pricy. It is a little far from campus, but definitely walkable and only about 5 minutes away on Uber. They will ask for an ID if you want to drink. They have fried O',4.15966386554622,0),(54,14,3,'Tang\'s','Chinese food, very cheap but also very basic. They give you rice and put whatever meat or vegetables and sauce you choose on top.',2.70601032283604,0),(55,14,5,'Joe\'s Cafe','In Steiny D. Good lighting and decent coffee, but the study space is open even when the café itself isn\'t. Depending on the crowd, it can be either a quiet study space or slightly noisier, with conver',0,0),(56,14,6,'$3 Long Island Iced ','Harvest on Thursday nights. It\'s cheap and doesn\'t really taste like alcohol. What more could you want?',4.10227272727273,0),(57,14,8,'Gregory','Pretty quite/less of a party scene. Everyone gets singles (either in quads, doubles, or just singles) and there are movies/free food almost every single night.',1.41977099545569,0),(58,14,11,'South Street','A grunge-y kind of feel, with lots of tattoo/piercing parlors, head shops, greasy food, dive bars, and sex shops.',4.93228951057127,0),(59,14,11,'Gayborhood','Tons of good food, with lots of events all the time (think block parties, festivals, etc) and cute houses.',4.55185910273878,0),(60,14,9,'White Dog','A bit pricey but not really expensive, with good \"new American\" food. The pancakes were underwhelming though, a little bit...wet.',4.54753056771578,0),(61,14,9,'Doc Magrogan\'s','Great happy hour specials and good oysters. The lobster mac and cheese is very good when it\'s good, and decent when it\'s not. The lobster rolls are a bit small.',3.4,0),(62,14,9,'Koreana','Good Korean food, but you always leave smelling a little bit like..Korean food. Decent bubble tea.',4.38358899378079,0),(63,14,9,'UTown','Not as good and a little bit more expensive than Koreana, but has bingsoo and is BYO after a certain time. Koreana might be BYO too, but it is unclear.',3.75,0),(64,14,9,'Frogro Food Court th','V cheap v greasy terrible sushi, but what do you expect from a grocery store food court?',2.03231838237929,0),(65,14,6,'Copa Margs','$5 during happy hour, large quantity. You can get salt or sugar on the rims (I suggest salt). Sometimes they taste better than other times but they\'re usually pretty good.',4.58974358974359,0),(66,14,10,'Fogo de Chao','So. Much. Meat.',4.26340580747074,0),(67,14,10,'Mercato','Great food, though some are hit and miss. It\'s on the pricier side, but it\'s a great place for a date. It\'s also BYO.',4.11057578553719,0),(68,12,5,'Starbucks Under Comm','',0,0),(69,12,5,'Van Pelt','',0,0),(70,12,6,'Mad Mex','Happy Hora\r\nWeekdays 4:30-6:30\r\nHalf off all draft beers!\r\nAll House Margaritas on special:\r\n$7 Big Azz, $5 16oz and $3 12 oz.\r\nHalf off all wings!\r\n',4.18762921269436,0),(71,12,7,'Rumor','',2.28968088458407,0),(72,12,7,'Recess','',2.57688359176838,0),(73,12,7,'Tria Cafe Rittenhous','Wine and Cheese Bar',4.28526548866933,0),(74,15,3,'Tyson\'s Bees','Mexi-Thai fusion (near Franklin Field)',4.09023292200579,0),(75,15,9,'HipCityVeg','slightly pricey but (imo) delicious vegan fast food place',3.16666896495261,0),(76,16,11,'Fishtown','A hipster neighborhood, out of the city feel',4.08070637389442,0),(77,16,11,'Old City','Historic area of Philly, known for good restaurants, views by the water, Spruce Street Harbor',4.86466440463761,0),(78,16,10,'High Street On Marke','Delicious new American food for brunch, lunch and dinner; known for fresh bread and pastries',4.56640568929362,0),(79,16,4,'La Colombe','',4.33191197836076,0),(80,13,1,'Saigon','Vietnamese food, located right on campus, will card ',3.45795364788555,0),(81,13,3,'Sugar Philly','Macarons ',4.31090609839604,0),(82,13,4,'Green Line Cafe','',4.06890611541774,0),(83,13,6,'Distrito Happy Hour','$5 margs ',4.0126582278481,0),(84,17,3,'Sonic Cheesesteak','between 36th and 37th on Spruce',3.16640543816442,0),(85,17,5,'Fisher Fine Arts Lib','',0,0),(86,17,5,'Rodin mezzanine','',0,0),(87,17,5,'Harrison mezzanine','',0,0),(88,17,5,'Harnwell mezzanine','',0,0),(89,17,5,'Rodin Rooftop lounge','',0,0),(90,17,5,'Harrison rooftop lou','',0,0),(91,17,5,'harnwell rooftop lou','',0,0),(92,18,3,'Cucina Zapata','Awesome burritos',3.34423407917384,0),(93,19,2,'Ant','',1.4081563226522,1),(94,19,2,'Ant\'s Pants Cafe','Great, simple breakfast food',3.33472998903925,0),(95,19,4,'Good Karma Cafe','Chill place to get off campus',4.4,0),(96,19,4,'Joe\'s ','Great coffee on Drexel\'s campus',3.74465268284166,0),(97,19,3,'Chez Yasmine','Healthy spot outside quad',2.96551724137931,0),(98,19,10,'Alma De Cuba','Modern Cuban in Rittenhouse',4.36205764326318,0),(99,19,10,'Zahav','Fancy Mediterranean ',4.03912210007433,0),(100,19,10,'Wedge and Fig','Chill and delicious place in Old City',4.60382827123966,0),(101,19,9,'Ramen Bar','Great Ramen ',4.17243110763842,0),(102,19,9,'Kitchen Gia','Casual lunch spot',2.66666666666667,0),(103,20,1,'Shanghai Station ','Great Shanghainese food',2.95156685966462,1),(104,20,1,'Koreana','Great Korean food!',3.60005902922294,1),(105,20,9,'sangkee noodle house','Great Chinese food, with dim sum in the morning! Super delicious!',3.90593802138891,0),(106,20,9,'Shanghai Station','A place just opened two weeks ago. It has authentic Shanghainese food!',4.28825622775801,0),(107,20,10,'Garces Trading Compa','Even though the it\'s a little bit pricy, the food is nicely made and is super delicious',4.29527054270992,0),(108,20,5,'Starbucks','',0,0),(109,20,13,'Kiwi Frozen Yogurt','',3.8822036122298,0),(110,20,13,'Insomnia Cookie','',4.49978528765288,0),(111,20,14,'Miel Patisserie ','A great place for afternoon dessert and macaroon ',3.20824838594511,0),(112,20,14,'Magpie','A great dessert place; larger dessert',3.50687365495425,0),(113,20,14,'Yogorino','Great frozen yogurt place',3.92717369600856,0),(114,20,13,'Pari Cafe Creperie','Great french dessert shop!',4.12548355184541,0),(115,20,4,'Petrus Py Cafe','Great cafe with quite environment',4.17785630153121,0),(116,20,9,'Spicy Sichuan','Great Sichuan food. A great place to go if you like something spicy.',4.5,0),(117,21,2,'Distrito ','Great Mexican Food ',2.80599721063983,0),(118,21,2,'Hill Dining ','For Freshman ',1.99581042994432,0),(119,21,14,'Carlos','It\'s on 21st and Walnut ',2.5,0),(120,21,14,'Kiwi','36 Chestnut ',3.46172781266669,0),(121,21,12,'Shiki','I found it pretty cool',1.90572623804723,0),(122,21,19,'Women Squash ','Duh! They won Ivys last year and finished 2nd in the nationals this year ',3.36376012985933,0),(123,21,19,'Men Squash ','Pretty Decent ',2.56584909089229,0),(124,21,19,'Women Field Hockey ','Almost won the Ivys this year.  A pretty solid team ',2.18851518628102,0),(125,21,19,'Men Tennis ','Hmmmm',3.53907947586752,0),(126,21,19,'Football','They did decent this season ',3.36349070476943,0),(127,21,19,'Women Light Weight R','',1.79234345752068,0),(128,22,2,'Honey\'s','Cool Jewish Hipster Diner',3.97523484201537,0),(129,21,15,'College Green ','',3.25599338660788,0),(130,22,12,'Truck \'n Go','Best project',2.6209321278975,0),(131,22,20,'Education Commons','They have nap sacks!',3.76280611363315,0),(132,22,20,'Towne','The benches are comfy',1.45081422780055,0),(133,22,9,'Greek Lady','',3.57749469214437,0),(134,22,9,'Waterfront Cafe','It\'s right by engineering!',4.33333333333333,0),(135,22,9,'Wishbone','Best chicken on campus!',3.56633776712229,0),(136,22,10,'Butcher and Singer','Best steak in Philly!',4.55226830730427,0),(137,22,21,'Computer Science','Enough said',3.12185414844587,0),(138,23,13,'Yogorino','frozen yogurt on Drexel campus',4.4,0),(139,24,14,'Cake and the Beansta','Cake and Ice Cream Downtown',3,0),(140,24,14,'Scoop DeVille','',3.75,0),(141,24,3,'Terry\'s','',4.44105294325052,0),(142,24,16,'River trail','',4.84747029483992,0),(143,26,2,'Aksum','Awesome boozy brunch place',3.7037037037037,0),(144,26,1,'Marrakesh','Really cool restaurant with belly dancers, definitely on the pricy side',3.73417721518987,0),(145,26,4,'Square One Coffee','Quiet, modern place in center city',4,0),(146,26,1,'Ken\'s Seafood','Good for larger groups, get your own private karaoke room. Definitely gets rowdy.',3.75641025641026,0),(147,26,7,'Hop Sing Laundromat','Really cool speakeasy in Chinatown. Expensive, but cool cocktails. Hard to get in on weekends. No sneakers or shorts.',3.3448275862069,0),(148,26,7,'National Mechanics','Really cool bar in old city',3,0),(149,26,7,'Charlie Was a Sinner','',3.53846153846154,0),(150,26,7,'Graffiti Bar','Bar inside Sampan',2.96428571428571,0),(151,26,3,'Hemo\'s','Super cheap food, located outside the upper quad gate',3,0),(152,26,3,'The Real Le Ahn\'s','Decent Chinese food, large portions, pretty cheap',2.63694267515924,0),(153,26,5,'Domus Starbucks','More spacious and modern than 34th and Walnut Starbucks, pretty sceney',0,0),(154,26,9,'New Deck Tavern','Awesome burgers and surprisingly filling salads',2.89502762430939,0),(155,26,9,'Federal Donuts','Their fried chicken is so good',2.55210933863575,0),(156,26,9,'Mizu','Pretty cheap + good sushi',4,0),(157,26,17,'Cassie Mogilner','Marketing professor, her research is on happiness',4.75298369790294,0),(158,26,17,'Chris Callison-Burch','',4.52241765493092,0),(159,26,17,'Rajiv Gandhi','',3.14620281594151,0),(160,26,17,'Stephanie Weirich','',3.4780511509872,0),(161,26,17,'Drew Carton','MGMT professor, really nice and a great lecturer',4.20765654247932,0),(162,26,17,'Gizem Saka','Econ professor, also a renowned artist',4.60382827123966,0),(163,26,10,'Lolita','',5,0),(164,26,10,'Dim Sum Garden','Awesome soup dumplings, also a BYO',3.68702319940534,0),(165,26,10,'Zavino','Just on the edge of campus, near Drexel. Awesome pizza and small Italian dishes.',4.09382027511512,0),(166,26,6,'Smoke\'s','Kweder, Sink or Swim',4.58639796077117,0),(167,26,6,'Doc Magrogan\'s','Their happy hour fishbowls are great',2.375,0),(168,26,6,'William Street Commo','All drinks are $3, they card pretty hard',3.77083333333333,0),(169,26,1,'Sakura','Good soup dumplings, can get pretty rowdy but there are also families',2.14400474089682,0),(170,26,1,'Smile Cafe','Really underrated Thai restaurant, very intimate and a little quiet but there\'s a private upstairs area',1.6551724137931,0),(171,26,1,'Bistro la Baia','',3.64406779661017,0),(172,26,1,'Giorgio on Pine','',3.8448275862069,0),(173,26,10,'Marigold Kitchen','Amazing tasting menu',4.20765654247932,0),(174,27,2,'Honest Tom\'s','Mexican',4.40508082380537,0),(175,26,10,'Luke\'s Lobster','Hidden little restaurant with awesome, fresh seafood',3,0),(176,27,18,'Arch Patio','',2.63553826199741,0),(177,27,21,'Finance','Ha',1.99850968703428,0),(178,27,15,'My own house','',3.81336203350404,0),(179,27,5,'Inn at Penn library','',0,0),(180,27,20,'My own bed!','Don\'t sleep in libraries',4.87700934336891,0),(181,27,16,'Woodlands Cemetary l','',3.31959351199491,0),(182,27,16,'Baltimore Ave/Clark ','',3.12825848541942,0),(183,27,19,'Men\'s Club Lacrosse!','',3.4094654256067,0),(184,27,22,'Walk downtown','',5,0),(185,30,2,'Greek Lady','A popular sit-down for a savory brunch',3.07686738361148,0),(186,30,2,'The Gold Standard Ca','American, fun to sit outside when it\'s warm',3.50632911392405,0),(187,30,1,'Nom Wah Tea Parlor','\"New York\'s First Dim Sum Restaurant,\" lots of good food for a group, many dishes have pork for people who don\'t eat it',3.40816326530612,0),(188,30,1,'Honest Tom\'s','BYO there is very lax, not rowdy but great food',3.65227155618415,0),(189,30,4,'Avril 50','quirky European place on 34th and Sanson with postcards and international magazines, they shave chocolate on your capuccino!',4.09406197861109,0),(190,30,4,'Federal Donuts','not really a coffeeshop, but their coffee is legit delicious, and goes very well with a donut or two!',3.50895494230517,0),(191,31,7,'McGillin\'s','Irish Pub',4.36757747326386,0),(192,31,7,'Bob and Barbara\'s','Drag shows every Thursday',3.66666666666667,0),(193,31,18,'College Green','',3.51216389244558,0),(194,31,18,'Highrise Field','',3.25608194622279,0),(195,31,18,'Van Pelt','',1.98418667964704,0),(196,31,18,'Engineering Cafe','',2.61587708066581,0),(197,32,1,'La Fontana','Italian place. Food is good quality but may get pricey. ',4.34196648728425,0),(198,32,20,'Highrise Field','So long as the sun\'s out. ',4.30330276151464,0),(199,33,22,'Go to the movies','',4,0),(200,33,22,'Party','',4.56167337571542,0),(201,33,22,'Happy Hour','',4.71428571428571,0),(202,33,22,'SABS','',4,0),(203,33,21,'NETS','',4.1221813442663,0),(204,33,21,'Econ','',2.12254195209015,0),(205,33,21,'Philosophy','',2,0),(206,33,21,'DMD','',3.4251968503937,0),(207,33,21,'PPE','',2.78740157480315,0),(208,33,21,'Communications','',2,0),(209,33,21,'Statistics','',2.67582414271304,0),(210,33,21,'Marketing','',1.73753280839895,0),(211,33,21,'BE','',2.26246719160105,0),(212,33,21,'CBE','',1.26246719160105,0),(213,33,21,'Chemistry','',1.4750656167979,0),(214,33,21,'Polyscience','',2.73753280839895,0),(215,33,21,'English','',2.26246719160105,0),(216,33,21,'Psychology','',3.0498687664042,0),(217,33,21,'IPD','',1.644128113879,1),(218,33,21,'MEAM','',2.73753280839895,0),(219,33,21,'Systems','',2.58419958419958,0),(220,33,21,'History','',1.266047605531,0),(221,31,17,'Sanjeev Khanna','',4.85309330288171,0),(222,31,17,'Matthew Hersch','Engineering Ethics, STSC',4.75298369790294,0),(223,31,17,'Steve Zdancewic','',4.37649184895147,0),(224,34,2,'William Street Commo','bottomless donuts',3.85934152966245,0),(225,34,1,'Square on Square','cheap chinese food and full control of aux cable',1.5,0),(226,34,4,'Rival Bros','really cool coffee place downtown Philly, highly recommend',3.33333333333333,0),(227,34,6,'Tap House','',4.05245496560455,0),(228,34,22,'Go to NY','',1.66666666666667,0),(229,34,9,'Baby Blue\'s BBQ','So underrated but the lunch special is great! 2 fixins and a main dish for a cheap price YUM take me there',4.41144352653085,0),(230,34,17,'Chris Murphy','',4.60382827123966,0),(231,35,8,'New College House','Will it be the next Hill or the hot new place to live?',2,0),(232,35,22,'The Franklin Institu','It\'s basically a big science museum for kids but it\'s so much fun!',4.62385150262207,0),(233,35,22,'Magic Gardens','Great when the weather is nice and you\'re with good friends :)',4,0),(234,35,22,'River Walk','Take a jog by the river walk - it\'s beautiful! (plus points for exercising!)',5,0),(235,35,22,'Please Touch Museum','A museum where you\'re SUPPOSED TO touch stuff',4.92962094235999,0),(236,35,22,'Spruce Street Harbor','Lay in hammocks and read, get some ice cream from Franklin Fountain... and it\'s really close to Penn\'s Landing!',4.97337361086302,0),(237,35,22,'Penn\'s Landing','Ice skating in the winter and roller skating in the summer!',0,0),(238,35,5,'The roof of Fisher F','Not kidding. Go to the second floor and climb out the window of the classroom. ',0,0),(239,36,2,'Harvest','Medium priced, cool menu, good for business meetings and squad brunch.',2.23854727530775,0),(240,36,24,'Abner\'s Cheesesteaks','',3.73003020814726,0),(241,36,24,'Zesto Pizza and Gril','',2,0),(242,36,24,'Terry\'s Food Truck','',3.52593581211113,0),(243,36,24,'Brotherly Grub Food ','',2.52593581211113,0),(244,36,8,'King\'s Court English','',2.8,2),(245,36,3,'Brotherly Grub','',3.05187162422225,0),(246,36,11,'Rittenhouse Square','',4.54037210375446,0),(247,36,5,'my bed','',0,0),(248,36,20,'Field in front of th','Best place to nap and tan',3.58356579354104,1),(249,36,10,'Fork','\"Sophisticated New American cuisine\"',4.14293438919869,0),(250,36,10,'The Dandelion','Fancy British style pub',4,0),(251,36,25,'McDonald\'s','',3.13945770325666,0),(252,36,25,'Qdoba Mexican Eats','',2.86998730990476,0),(253,36,25,'Chipotle Mexican Gri','',3.89218783884284,0),(254,36,25,'Jake\'s Sandwich Boar','',2.96212012138983,2),(255,36,25,'Taco Bell','',2.60629639123564,0),(256,36,25,'Subway','',2.53764512142572,0),(257,36,25,'Quiznos','',2.62024674896227,0),(258,36,22,'Reading Terminal Mar','',4.97858484705125,0),(259,36,7,'Kildare\'s Manayunk','',3,0),(260,36,10,'Dalessandro\'s Steaks','Best cheesesteak in philly',4.14293438919869,0),(261,36,10,'Bank & Bourbon','Steakhouse in the Loews Hotel',4,0),(262,36,18,'Penn Park','',3.44937573429439,0),(263,38,5,'Huntsman','',0,0),(264,38,19,'Men\'s Swim Team','good looking',3.62350815104853,0),(265,40,12,'Recommendr','',3.15408945298244,0),(266,41,20,'On the toilet seat i','umm this is clearly the best place',5,1),(267,41,14,'Ben & Jerry\'s','ice scream!! how can u not',4.66666666666667,0),(268,41,14,'capogiro','so delish?!',4.33291018724215,0),(269,41,12,'FeedMe','coming for that 10k ladies',4.5524861878453,0),(270,41,23,'Moore 100','They see office hours!',4.2619926199262,0),(271,41,26,'College Hall','',3.5,0),(272,41,26,'DRL ','i heard the new bathrooms in DRL are quite nice',3.15448144737233,0),(273,40,23,'Penn Museum','',4.6551724137931,0),(274,42,22,'Pottruck','Gym!',3,0),(275,37,10,'Barclay Prime','Best steak NA!',4.60382827123966,0),(276,43,28,'Sig Nu','Go Snakes!!!',5,0),(277,43,17,'Rakesh Vohra','systems and econ prof',3.62350815104853,0),(278,43,27,'Zeta','',1,0),(279,44,25,'Nom Nom Ramen','',2.49009859039918,0),(280,45,25,'Tap House','',3.42903138162786,0),(281,45,25,'Ramen Bar','',3.4365139279134,0),(282,45,25,'Harvest','',2.43568333663727,0),(283,45,25,'Chez Yasmine','',3.46337440904107,0),(284,30,14,'Lil Pop Shop','Fun flavors, high quality popsicles for a premium',5,0),(285,30,14,'Federal Donuts','you know the deal, fresh and fancy donuts, great flavors, but after eating one I\'ve had enough sugar for the day',4.5,0),(286,46,25,'Zestos','Pizza place',4.38371371036701,3),(287,30,3,'DRL teriyaki truck','have heard great things about this new truck -- friends say to get the teriyaki!',3.33333333333333,0),(288,30,3,'Smoothie truck','34th next to Magic Carpet -- have heard positive things',3,0),(289,46,25,'Wawa','Wawa is more than a fast-food joint, Wawa is a lifestyle. I Wawa, you Wawa, he/she/it Wawas. I decided that Wawa is my soul. I used to live overseas. Now I live in America. I just ate a brown bowl (on',4.03197748856448,0),(290,30,18,'Singh Nanotech Build','beautiful building, quiet but you can talk, nice views of campus especially from top floor',4.25,0),(291,30,18,'Schumaker Green','Outside of DRL, pretty nice grass quality, grass and flowers are nice, downside is that it\'s next to DRL',4,0),(292,30,18,'Wynn Commons','outside of Houston, nice tables and of course the steps, not grassy and very granite-y, but still a nice option',3.66666666666667,0),(293,30,25,'Shake Shack','\"fast\" food indeed - burgers, hot dogs, fries etc but pretty bougie',4,0),(294,30,16,'Down to 1st and Waln','starting from Hill/anywhere on Walnut, go straight at the bridge -- gets a little crowded with pedestrians, but you pass by Rittenhouse Square and end up at Old City',3.75298369790294,0),(295,30,9,'Abners','Cheesesteaks -- always pass by',0,0),(296,30,9,'Allegros','Lots of food aside from pizza surprisingly, takes some time to make other food but it is open throughout the day',4,0),(297,30,9,'Axis Pizza','the name says it all',3,0),(298,30,9,'Bridge Cafe','those eggs!',4,0),(299,30,9,'CopaBanana','burgers and other fun food/drinks',4,0),(300,30,25,'CopaBanana','burgers, fries etc.',2.9201058296287,0),(301,30,9,'Cosi','alright food that comes with chips/carrots on the side',3,0),(302,30,9,'Distrito','good food, fun decor',4,0),(303,30,25,'Dominos','38th and Chestnut',3,0),(304,30,9,'Honest Tom\'s','Great burritos/tacos, sweet potato is special, can get half sweet potato and half something-else',4.47368421052632,0),(305,30,9,'Hummus','fast, filling in the moment',4,0),(306,30,25,'Hummus','Food comes pretty quickly, Hummus food is like the fast food of Middle Eastern cuisine',3.2800705530858,0),(307,30,9,'Aksum','Delicious but expensive Mediterranean food',4,0),(308,30,9,'Mad Mex','Fun Mexican food',4,0),(309,30,9,'Gojjo','lots of Ethiopian food to share, dishes served on flat spongy injera bread',0,0),(310,30,1,'Gojjo','Ethiopian food for days, they card, nice outdoors spot for warm weather',2,0),(311,30,4,'Metro Bakery','pricey food and coffee',4,0),(312,30,13,'Metro Bakery','nice desserts!',4.5,0),(313,30,9,'Tarka','Indian food, always walk by',0,0),(314,30,9,'Pattaya','classic place for Thai food',4,0),(315,30,9,'POD','',0,0),(316,30,9,'Saladworks','',2,0),(317,30,9,'Tampopo','fun Asian food on the same street as Honest Toms',4,0),(318,30,9,'Frontera','Milanesa for life!',0,0),(319,30,28,'The Joe Lou fraterni','\"I love the yellow gloves they wear!\" - JD',5,0),(320,30,29,'The Love Statue','',4.54042973481672,0),(321,30,29,'Singh Nanotech Build','',4.62069123474039,0),(322,30,29,'Rocky Steps','',4.18367346938775,0),(323,30,29,'Harnwell RTL','',3.71794871794872,0),(324,30,14,'Franklin Fountain','Ice Cream !!!',3,0),(325,30,9,'Penne','',0,0),(326,30,30,'Locust walk','',3.39617172876034,0),(327,30,30,'DRL basement','',4.32845383398889,0),(328,30,30,'Room','',5,0),(329,30,30,'VP basement bathroom','',3,0),(330,30,17,'MATT BLAZE','\"CIS 125 - Technology and Policy\" is boss, make sure to check out https://twitter.com/mattblaze',4,0),(331,30,30,'ARCH basement','',4.35209890066899,0),(332,30,30,'Fisher Fine Arts','Best Place to Silently Weep http://www.thedp.com/blog/under-the-button/2014/05/the-best-places-to-cry-on-campus-during-finals-or-anytime',5,0),(333,30,30,'Marks Cafe','Best Place to SABS Cry http://www.thedp.com/blog/under-the-button/2014/05/the-best-places-to-cry-on-campus-during-finals-or-anytime',4,0),(334,30,30,'The Quad','Best Place to Cry About Your Impending Graduation http://www.thedp.com/blog/under-the-button/2014/05/the-best-places-to-cry-on-campus-during-finals-or-anytime',4,0),(335,30,30,'College Green','Best Place to Sob Hysterically http://www.thedp.com/blog/under-the-button/2014/05/the-best-places-to-cry-on-campus-during-finals-or-anytime',3,0),(336,30,30,'Platt benches','\"Ordee Beijing take out and eat it on the bench next to platt house that aces away from the street\r\nEnjoy the sodium boost of tears mixing with your lo mein\r\nDon\'t forget extra hot sauce!\" - my friend',4.47368421052632,0),(337,49,3,'YueKee','Chinese Truck under the bridge between Huntsman and the highrises.',4,0),(338,32,18,'Biomedical Library','Surprisingly good',3,0),(339,32,29,'Benjamin Franklin Be','Yep',5,0),(340,28,29,'The Button','A Penn classic',4,0),(341,51,25,'Fat Salmon','Sushi Restaurant ',5,0),(342,51,1,'Renata\'s Cafe ','Great Breakfast. Great Lunch. Great BYOB.',5,0),(343,51,24,'Pat\'s King of Steaks','Pat\'s vs Geno\'s ??',5,0),(344,51,24,'Geno\'s Steaks','Pat\'s vs Geno\'s ??',4,0),(345,51,24,'Jim\'s Steaks ','400 South St. \r\nConsidered the best cheesesteak by many ',5,0),(346,52,2,'Rx','A BYO brunch place with West Philly vibes',0,0),(347,52,13,'Capo Giro','Coffee shop with large variety of gelato',0,0),(348,52,13,'Federal Donuts','Fun and classic flavored donuts ',0,0),(349,51,6,'The Blarney Stone','Blarney\'s $0.50 shots on Thursdays ',4.39617172876034,0),(350,52,18,'High Rise Field','Great for a sunny day with lots of friends and a picnic blanket',4,0),(351,51,28,'Apes ','',0,0),(352,51,28,'Theos ','',0,0),(353,51,28,'Oz','',0,0),(354,51,28,'Castle','',0,0),(355,51,28,'Owls','',0,0),(356,51,28,'A\'s','',0,0),(357,51,28,'Kappa Sig ','',0,0),(358,51,28,'Phi Delt','',0,0),(359,51,28,'Zata Psi ','',0,0),(360,51,28,'SAE','',0,0),(361,51,28,'Beta','',0,0),(362,51,28,'ZBT','',0,0),(363,51,28,'Sig Chi','',0,0),(364,51,28,'TEP','',0,0),(365,51,28,'Pike','',0,0),(366,51,18,'Comp Lab 375','...gotta love it ',0,0),(367,51,29,'Lower/Upper Quad ','Its old and its cool',0,0),(368,51,23,'DMD Room','Shows off all of the movie posters that Penn grads have worked on ',0,0),(369,51,26,'Weiss Tech House Bat','Private and Spacious ',5,2),(370,51,26,'Weiss Tech House ','Spacious and Private!',0,0),(371,51,11,'China Town ','',0,0),(372,51,15,'Huntsman GSR','Lock the door. Turn the lights off. And snooze away!',0,0),(373,50,25,'Jimmy John\'s','We are talking about FAST food here :) No competition!',5,0),(374,51,20,'Huntsman GSR','Lock the door. Turn the lights off. Snooze Snooze Snooze!',4,0),(375,51,10,'White Dog ','LOL',0,0),(376,51,27,'Tri-Delt ','',5,0),(377,51,27,'Alpha Chi Omega','',0,0),(378,51,27,'Theta','',0,0),(379,51,27,'SDT','',0,0),(380,51,27,'OAX','',0,0),(381,51,27,'Tabard','',0,0),(382,51,19,'Men\'s Basketball','They are young ',5,0),(383,41,26,'Biddle Law Library','they have nice toilet paper',4,0),(384,1,32,'Hubbub','',3.47368421052632,0),(385,1,32,'Wawa','',4.05263157894737,0),(386,1,33,'Crown Fried Chicken','',0,0),(387,1,33,'McDonalds','',0,0),(388,1,33,'Zestos','',0,0),(389,1,33,'Allegro\'s','',0,0),(390,1,3,'King\'s Wok','Best cheap chinese food',5,0),(391,4,32,'Schmear It','Food truck for bagels!',5,0);
/*!40000 ALTER TABLE `entities` ENABLE KEYS */;
UNLOCK TABLES;

--
-- Table structure for table `entity_flags`
--

DROP TABLE IF EXISTS `entity_flags`;
/*!40101 SET @saved_cs_client     = @@character_set_client */;
/*!40101 SET character_set_client = utf8 */;
CREATE TABLE `entity_flags` (
  `user_id` int(11) NOT NULL,
  `entity_id` int(11) NOT NULL,
  PRIMARY KEY (`user_id`,`entity_id`),
  KEY `entity_id` (`entity_id`),
  CONSTRAINT `entity_flags_ibfk_1` FOREIGN KEY (`user_id`) REFERENCES `users` (`user_id`)
) ENGINE=InnoDB DEFAULT CHARSET=latin1;
/*!40101 SET character_set_client = @saved_cs_client */;

--
-- Dumping data for table `entity_flags`
--

LOCK TABLES `entity_flags` WRITE;
/*!40000 ALTER TABLE `entity_flags` DISABLE KEYS */;
INSERT INTO `entity_flags` VALUES (39,52),(26,103),(25,104),(35,217),(36,244),(40,244),(36,248),(38,254),(52,266),(49,286);
/*!40000 ALTER TABLE `entity_flags` ENABLE KEYS */;
UNLOCK TABLES;

--
-- Table structure for table `list_flags`
--

DROP TABLE IF EXISTS `list_flags`;
/*!40101 SET @saved_cs_client     = @@character_set_client */;
/*!40101 SET character_set_client = utf8 */;
CREATE TABLE `list_flags` (
  `user_id` int(11) NOT NULL,
  `list_id` int(11) NOT NULL,
  PRIMARY KEY (`user_id`,`list_id`),
  KEY `list_id` (`list_id`),
  CONSTRAINT `list_flags_ibfk_1` FOREIGN KEY (`user_id`) REFERENCES `users` (`user_id`)
) ENGINE=InnoDB DEFAULT CHARSET=latin1;
/*!40101 SET character_set_client = @saved_cs_client */;

--
-- Dumping data for table `list_flags`
--

LOCK TABLES `list_flags` WRITE;
/*!40000 ALTER TABLE `list_flags` DISABLE KEYS */;
INSERT INTO `list_flags` VALUES (31,2),(41,3),(41,5),(41,6),(31,7),(41,7),(41,8),(20,9),(31,10),(41,10),(41,11),(5,12),(41,12),(50,13),(41,15),(41,16),(41,17),(41,18),(41,19),(41,20),(41,21),(41,22),(41,23),(39,25),(41,25),(46,25),(1,26),(52,26);
/*!40000 ALTER TABLE `list_flags` ENABLE KEYS */;
UNLOCK TABLES;

--
-- Table structure for table `lists`
--

DROP TABLE IF EXISTS `lists`;
/*!40101 SET @saved_cs_client     = @@character_set_client */;
/*!40101 SET character_set_client = utf8 */;
CREATE TABLE `lists` (
  `list_id` int(11) NOT NULL AUTO_INCREMENT,
  `creator_id` int(11) NOT NULL,
  `list_name` varchar(40) NOT NULL,
  `description` varchar(200) DEFAULT NULL,
  `flag_count` int(11) DEFAULT '0',
  PRIMARY KEY (`list_id`),
  KEY `creator_id` (`creator_id`)
) ENGINE=InnoDB AUTO_INCREMENT=34 DEFAULT CHARSET=latin1;
/*!40101 SET character_set_client = @saved_cs_client */;

--
-- Dumping data for table `lists`
--

LOCK TABLES `lists` WRITE;
/*!40000 ALTER TABLE `lists` DISABLE KEYS */;
INSERT INTO `lists` VALUES (1,5,'Best BYOs','Restaurants where you can \'bring your own\' drinks - a Philly favorite!_PIC:static/uploads/byo.jpg',1),(2,5,'Best Brunch Spots','Boozy or not, everyone at Penn loves brunch!_PIC:static/uploads/brunch.jpg',7),(3,5,'Best Food Trucks','Students love being able to grab food on the go for a low price._PIC:static/uploads/food-truck.jpg',1),(4,5,'Best Coffee Shop','Caffeine is a must for most students_PIC:static/uploads/coffee.jpg ',0),(5,11,'Best Places to Study','Best places to get your work done!_PIC:static/uploads/work.jpg',2),(6,12,'Best Drinks On Campus','what is the best place to get drinks on campus_PIC:static/uploads/drinks.png',1),(7,12,'Best Drinks Off Campus','best place to get drinks off campus_PIC:static/uploads/drinks.png',4),(8,12,'Best Dorm','best on campus dorm_PIC:static/uploads/quad.jpg',1),(9,12,'Best Restaurants On Campus','Best restaurants in University City_PIC:static/uploads/restaurant.jpg',6),(10,12,'Best Restaurants Off Campus','Best restaurants not in University City_PIC:static/uploads/restaurant.jpg',4),(11,12,'Best Philly Neighborhood','Best neighborhood in our fair city_PIC:static/uploads/hangout.jpg',1),(12,12,'Best NETS 213 Project','Crowdsourcing the ratings of our crowdsourcing projects lol_PIC:static/uploads/crest.jpg',4),(13,20,'Best Dessert Shop on Campus','Best place to get sweets on campus_PIC:static/uploads/dessert.jpg',5),(14,20,'Best Dessert Shop off Campus','Best place to get sweets off campus_PIC:static/uploads/dessert.jpg',2),(15,21,'Best Places to Relax ? Not necessarily o','For Study break_PIC:static/uploads/quad.jpg',1),(16,21,'Best route to Run ','Workout freak_PIC:static/uploads/hangout.jpg',1),(17,21,'Best Professor to take a class with','Looking for a quality + easy class_PIC:static/uploads/professor.gif',1),(18,21,'Best Hang Out Spot on Campus ','Place to hang out with friends_PIC:static/uploads/building.jpg',1),(19,21,'Best Sports Team on Campus','Which sports team is best_PIC:static/uploads/sports.jpg',1),(20,22,'Best Places to Take a Nap','Penn students need to sleep!_PIC:static/uploads/nap.jpg',1),(21,22,'Best Major at Penn','Computer Science!_PIC:static/uploads/crest.jpg',1),(22,27,'Best to do in Philly on Friday afternoon','Best place to explore_PIC:static/uploads/hangout.jpg',1),(23,32,'Best Penn Building to take Tourists/Pros','How do we best show off Penn?_PIC:static/uploads/building.jpg',1),(24,36,'Best Cheesesteak','Where to get best Philly Cheesteak_PIC:static/uploads/cheesesteak.jpg',0),(25,36,'Best \"Fast\" Food','Best fast food nearby_PIC:static/uploads/fast-food.jpg',9),(26,41,'Best place to poo on campus','best buildings with bathrooms?? asking for a friend..._PIC:static/uploads/toilet.jpg',2),(27,41,'Best Sorority on Campus','Which sorority is best at Penn_PIC:static/uploads/crest.jpg',0),(28,41,'Best Fraternity on Campus','Which fraternity is best at Penn_PIC:static/uploads/crest.jpg',0),(29,30,'Best Instagram Spot','Life = likes_PIC:static/uploads/instagram.jpg',0),(30,30,'Best Places to Cry','Where to shed a tear_PIC:static/uploads/cry.jpg',0),(31,32,'Best place to talk to strangers','Talking to people is fine._PIC:static/uploads/building.jpg',0),(32,1,'Best bagel on campus','Where can we get that doughy deliciousness_PIC:static/uploads/bagel.jpg',0),(33,1,'Best place for midnight snacks','Where to satisfy your late night munchies_PIC:static/uploads/f91dfffe-d47a-4a89-9128-bd19018497bd.jpg',0);
/*!40000 ALTER TABLE `lists` ENABLE KEYS */;
UNLOCK TABLES;

--
-- Table structure for table `ratings`
--

DROP TABLE IF EXISTS `ratings`;
/*!40101 SET @saved_cs_client     = @@character_set_client */;
/*!40101 SET character_set_client = utf8 */;
CREATE TABLE `ratings` (
  `user_id` int(11) NOT NULL,
  `entity_id` int(11) NOT NULL,
  `rating` int(11) DEFAULT '3',
  PRIMARY KEY (`user_id`,`entity_id`),
  KEY `entity_id` (`entity_id`)
) ENGINE=InnoDB DEFAULT CHARSET=latin1;
/*!40101 SET character_set_client = @saved_cs_client */;

--
-- Dumping data for table `ratings`
--

LOCK TABLES `ratings` WRITE;
/*!40000 ALTER TABLE `ratings` DISABLE KEYS */;
INSERT INTO `ratings` VALUES (1,1,2),(1,2,5),(1,3,4),(1,4,4),(1,5,1),(1,11,4),(1,14,3),(1,22,3),(1,23,4),(1,51,3),(1,80,3),(1,104,3),(1,169,2),(1,188,4),(1,197,4),(1,342,5),(1,384,3),(1,385,5),(1,390,5),(2,52,5),(4,1,2),(4,2,4),(4,6,4),(4,8,3),(4,16,3),(4,27,5),(4,52,5),(4,80,3),(4,118,1),(4,143,5),(4,174,5),(4,203,5),(4,272,4),(4,304,5),(4,343,5),(4,345,5),(4,376,5),(4,382,5),(4,384,4),(4,385,3),(4,391,5),(5,6,4),(5,7,5),(5,18,4),(5,58,2),(5,59,4),(5,77,5),(11,52,5),(12,9,1),(12,12,1),(12,16,1),(12,17,1),(12,18,1),(12,19,1),(12,20,1),(12,21,1),(12,25,1),(12,47,5),(12,48,1),(12,50,5),(13,2,5),(13,3,4),(13,4,5),(13,5,4),(13,8,5),(13,11,5),(13,16,5),(13,18,4),(13,19,4),(13,20,4),(13,22,4),(13,23,5),(13,36,4),(13,38,5),(13,39,4),(13,50,4),(13,51,4),(13,53,4),(13,56,5),(13,62,4),(13,63,2),(13,65,5),(13,74,3),(13,76,4),(13,77,5),(13,79,4),(13,82,5),(14,1,2),(14,3,3),(14,4,3),(14,11,4),(14,12,4),(14,13,2),(14,14,5),(14,15,5),(14,22,4),(14,23,4),(14,26,3),(14,28,4),(14,29,4),(14,30,3),(14,31,3),(14,32,3),(14,33,3),(14,34,2),(14,35,2),(14,36,2),(14,37,3),(14,38,5),(14,39,4),(14,40,5),(14,41,4),(14,42,4),(14,43,3),(14,44,4),(14,45,2),(14,46,5),(14,48,5),(14,49,4),(14,50,4),(14,51,4),(14,53,5),(14,54,3),(14,58,5),(14,59,4),(14,60,4),(14,61,4),(14,62,4),(15,13,3),(15,37,5),(15,38,5),(15,41,5),(15,42,5),(15,43,4),(15,44,4),(15,45,1),(15,46,5),(15,54,2),(15,60,4),(15,64,1),(15,74,5),(15,75,4),(16,1,1),(16,2,2),(16,3,3),(16,4,3),(16,6,4),(16,7,4),(16,8,4),(16,9,4),(16,10,4),(16,21,4),(16,22,5),(16,24,4),(16,25,3),(16,30,5),(16,38,5),(16,39,3),(16,40,2),(16,41,4),(16,42,5),(16,43,4),(16,44,3),(16,45,1),(16,46,3),(16,53,5),(16,60,3),(16,61,3),(16,62,4),(16,63,4),(16,64,1),(16,75,4),(17,2,4),(17,3,1),(17,31,5),(17,35,5),(17,51,5),(17,66,5),(17,67,4),(17,84,4),(18,4,1),(18,11,2),(18,21,1),(18,22,2),(18,74,4),(18,84,1),(18,92,1),(19,6,5),(19,7,5),(19,9,5),(19,10,5),(19,13,5),(19,16,3),(19,17,4),(19,18,5),(19,19,3),(19,20,5),(19,25,4),(19,27,4),(19,38,5),(19,41,4),(19,42,5),(19,46,3),(19,50,5),(19,51,5),(19,79,5),(19,81,4),(19,82,4),(19,92,3),(19,93,1),(20,1,2),(20,2,4),(20,4,5),(20,6,5),(20,7,5),(20,8,3),(20,9,4),(20,10,3),(20,11,3),(20,14,5),(20,16,4),(20,17,4),(20,18,4),(20,19,3),(20,20,5),(20,21,3),(20,23,4),(20,25,4),(20,28,3),(20,29,5),(20,30,3),(20,31,3),(20,32,4),(20,33,4),(20,34,2),(20,35,4),(20,36,1),(20,38,5),(20,40,4),(20,41,5),(20,42,5),(20,43,3),(20,44,3),(20,45,2),(20,46,1),(20,54,4),(20,57,2),(20,58,5),(20,59,5),(20,60,5),(20,62,4),(20,63,4),(20,67,5),(20,70,3),(20,74,4),(20,76,5),(20,77,5),(20,80,3),(20,81,3),(20,93,3),(20,94,3),(20,96,3),(20,98,4),(20,101,5),(20,103,5),(20,105,5),(20,106,5),(20,107,5),(20,109,5),(20,110,5),(20,111,5),(20,112,5),(20,113,5),(20,114,5),(21,6,5),(21,7,5),(21,9,5),(21,25,3),(21,28,1),(21,29,1),(21,30,1),(21,31,5),(21,32,1),(21,33,1),(21,34,1),(21,35,5),(21,36,1),(21,37,3),(21,38,5),(21,39,4),(21,40,3),(21,41,5),(21,42,3),(21,43,4),(21,44,1),(21,45,5),(21,46,4),(21,48,5),(21,57,1),(21,60,5),(21,61,2),(21,62,5),(21,63,5),(21,64,4),(21,71,3),(21,72,3),(21,73,3),(21,75,3),(21,101,5),(21,102,3),(21,105,3),(21,106,3),(21,116,4),(21,117,5),(21,121,5),(21,122,5),(21,123,4),(22,1,2),(22,2,5),(22,3,5),(22,4,3),(22,6,5),(22,7,5),(22,9,5),(22,11,5),(22,16,5),(22,17,5),(22,18,4),(22,19,5),(22,20,5),(22,23,4),(22,27,5),(22,38,5),(22,39,5),(22,43,5),(22,44,5),(22,46,5),(22,50,5),(22,51,5),(22,60,5),(22,62,5),(22,80,3),(22,118,3),(22,128,5),(22,130,5),(22,133,5),(22,135,5),(22,136,5),(22,137,5),(23,6,4),(23,7,4),(23,8,5),(23,9,5),(23,10,4),(23,16,5),(23,17,5),(23,18,4),(23,19,4),(23,20,4),(23,25,5),(23,27,3),(23,79,4),(23,82,3),(23,93,2),(23,94,4),(23,95,5),(23,96,4),(23,115,5),(23,117,3),(23,118,3),(23,128,4),(23,138,4),(24,1,3),(24,2,3),(24,3,3),(24,4,3),(24,6,5),(24,7,4),(24,8,4),(24,9,5),(24,10,5),(24,16,4),(24,17,3),(24,18,4),(24,19,4),(24,20,4),(24,21,3),(24,22,3),(24,23,3),(24,24,3),(24,25,5),(24,27,4),(24,28,3),(24,29,2),(24,30,3),(24,31,4),(24,32,4),(24,33,4),(24,34,2),(24,35,4),(24,36,2),(24,48,4),(24,57,2),(24,59,5),(24,74,5),(24,79,4),(24,80,3),(24,82,3),(24,84,2),(24,93,1),(24,94,3),(24,96,4),(24,103,4),(24,104,5),(24,107,5),(24,113,3),(24,117,3),(24,118,1),(24,128,5),(24,137,2),(24,139,4),(24,140,5),(24,141,5),(25,2,3),(25,3,3),(25,4,3),(25,6,5),(25,7,4),(25,8,4),(25,9,4),(25,10,1),(25,22,4),(25,23,3),(25,25,5),(25,53,4),(25,56,3),(25,65,4),(25,70,3),(25,80,4),(25,83,3),(25,93,2),(25,94,1),(25,103,3),(25,104,3),(25,117,3),(25,118,1),(26,1,1),(26,2,5),(26,3,4),(26,4,4),(26,5,3),(26,6,5),(26,7,4),(26,8,5),(26,9,5),(26,10,5),(26,13,2),(26,14,5),(26,16,1),(26,17,3),(26,18,4),(26,19,3),(26,20,2),(26,22,4),(26,23,3),(26,25,5),(26,27,1),(26,28,4),(26,29,2),(26,30,2),(26,31,2),(26,32,5),(26,33,4),(26,34,1),(26,35,4),(26,36,1),(26,37,4),(26,38,5),(26,39,4),(26,40,3),(26,41,5),(26,42,4),(26,43,3),(26,45,2),(26,47,5),(26,49,4),(26,50,3),(26,51,3),(26,53,4),(26,56,5),(26,57,1),(26,60,5),(26,61,5),(26,62,5),(26,64,2),(26,65,5),(26,66,5),(26,70,5),(26,71,1),(26,73,5),(26,75,2),(26,78,5),(26,79,5),(26,80,3),(26,81,5),(26,82,5),(26,83,5),(26,94,5),(26,96,3),(26,98,5),(26,99,5),(26,100,5),(26,101,3),(26,102,2),(26,104,3),(26,105,3),(26,106,5),(26,113,4),(26,115,3),(26,116,5),(26,117,2),(26,118,1),(26,120,3),(26,128,3),(26,133,4),(26,134,4),(26,135,3),(26,136,5),(26,141,5),(26,144,5),(26,146,5),(26,157,5),(26,160,4),(26,161,5),(26,164,5),(26,165,5),(26,173,5),(27,1,2),(27,2,4),(27,3,3),(27,4,4),(27,5,1),(27,6,4),(27,7,4),(27,9,5),(27,10,3),(27,11,5),(27,12,4),(27,13,3),(27,14,3),(27,15,3),(27,16,4),(27,17,3),(27,18,4),(27,20,2),(27,21,3),(27,25,5),(27,28,3),(27,29,1),(27,30,1),(27,34,2),(27,35,2),(27,36,1),(27,37,3),(27,38,5),(27,39,3),(27,42,3),(27,43,4),(27,44,4),(27,45,3),(27,46,3),(27,47,4),(27,49,3),(27,50,5),(27,51,4),(27,52,5),(27,54,4),(27,56,4),(27,57,1),(27,58,5),(27,60,5),(27,61,3),(27,62,3),(27,64,2),(27,65,3),(27,66,2),(27,70,3),(27,71,2),(27,72,2),(27,73,4),(27,74,4),(27,75,2),(27,76,4),(27,77,5),(27,80,5),(27,82,5),(27,84,3),(27,97,4),(27,98,4),(27,99,3),(27,101,4),(27,102,3),(27,115,4),(27,118,2),(27,125,5),(27,126,3),(27,129,3),(27,131,1),(27,132,1),(27,133,2),(27,135,3),(27,136,4),(27,137,3),(27,141,3),(27,142,5),(27,147,3),(27,148,3),(27,149,2),(27,150,2),(27,151,3),(27,152,2),(27,154,2),(27,155,2),(27,158,5),(27,159,5),(27,160,3),(27,164,2),(27,165,4),(27,166,5),(27,167,3),(27,168,5),(27,172,4),(27,174,5),(27,176,3),(27,177,4),(27,178,5),(27,180,5),(27,181,5),(27,182,5),(27,183,5),(27,184,5),(28,3,5),(28,4,4),(28,5,3),(28,6,3),(28,7,5),(28,9,5),(28,10,5),(28,11,3),(28,13,5),(28,16,3),(28,17,4),(28,18,4),(28,19,4),(28,20,3),(28,25,4),(28,32,5),(28,50,5),(28,53,4),(28,56,4),(28,65,5),(28,71,3),(28,72,3),(28,81,4),(28,83,5),(28,96,5),(28,109,4),(28,110,4),(28,131,5),(28,138,5),(28,144,5),(28,149,4),(28,166,5),(28,171,5),(28,180,5),(28,185,4),(28,227,4),(28,240,4),(28,288,4),(28,290,5),(28,291,3),(28,312,4),(28,320,5),(28,322,5),(29,6,5),(29,7,5),(29,9,5),(29,128,5),(29,143,5),(29,174,5),(30,2,4),(30,3,4),(30,4,4),(30,5,3),(30,7,5),(30,8,4),(30,11,4),(30,13,3),(30,16,3),(30,17,3),(30,18,4),(30,19,4),(30,20,5),(30,22,4),(30,23,4),(30,30,3),(30,36,4),(30,37,4),(30,38,5),(30,39,4),(30,41,4),(30,42,4),(30,43,3),(30,44,4),(30,46,4),(30,48,5),(30,49,4),(30,50,4),(30,51,4),(30,52,4),(30,53,4),(30,60,5),(30,62,5),(30,64,3),(30,74,5),(30,75,3),(30,82,4),(30,92,5),(30,96,4),(30,101,4),(30,104,4),(30,109,4),(30,110,5),(30,115,4),(30,120,4),(30,133,4),(30,134,4),(30,135,4),(30,142,5),(30,143,5),(30,155,3),(30,158,3),(30,159,4),(30,174,5),(30,176,3),(30,180,5),(30,184,5),(30,185,4),(30,186,4),(30,187,4),(30,188,5),(30,189,5),(30,190,4),(30,193,4),(30,194,4),(30,195,2),(30,196,3),(30,198,5),(30,203,4),(30,221,5),(30,234,5),(30,251,3),(30,252,3),(30,253,4),(30,254,2),(30,262,4),(30,267,5),(30,268,4),(30,281,4),(30,284,5),(30,285,5),(30,286,5),(30,289,5),(30,290,4),(30,291,4),(30,292,4),(30,293,4),(30,294,4),(30,296,4),(30,297,3),(30,298,4),(30,299,4),(30,301,3),(30,302,4),(30,304,4),(30,305,4),(30,307,4),(30,308,4),(30,311,3),(30,314,4),(30,316,2),(30,317,4),(30,319,5),(30,320,4),(30,321,5),(30,322,4),(30,323,4),(30,326,3),(30,327,4),(30,328,5),(30,329,3),(30,331,4),(30,336,4),(31,1,1),(31,2,4),(31,3,5),(31,4,1),(31,5,1),(31,6,2),(31,7,3),(31,8,2),(31,9,5),(31,10,3),(31,11,5),(31,13,3),(31,16,4),(31,17,4),(31,18,4),(31,19,4),(31,20,2),(31,22,5),(31,23,5),(31,24,3),(31,25,3),(31,28,4),(31,29,1),(31,30,3),(31,31,1),(31,32,2),(31,33,5),(31,34,1),(31,35,1),(31,36,1),(31,49,5),(31,50,4),(31,51,5),(31,52,1),(31,53,3),(31,56,5),(31,57,1),(31,58,5),(31,59,5),(31,65,5),(31,70,5),(31,73,4),(31,76,5),(31,77,5),(31,81,5),(31,82,5),(31,83,2),(31,93,1),(31,94,5),(31,95,5),(31,103,1),(31,104,3),(31,109,3),(31,110,4),(31,113,5),(31,115,5),(31,117,1),(31,118,1),(31,120,4),(31,121,1),(31,126,5),(31,128,4),(31,130,1),(31,131,3),(31,132,1),(31,137,5),(31,138,4),(31,143,2),(31,144,3),(31,146,5),(31,152,2),(31,158,5),(31,159,1),(31,160,4),(31,166,5),(31,167,2),(31,168,3),(31,171,3),(31,172,5),(31,174,5),(31,176,3),(31,177,1),(31,180,5),(31,184,5),(31,185,4),(31,186,3),(31,187,3),(31,188,3),(31,190,5),(31,191,5),(31,192,5),(31,193,5),(31,194,3),(31,195,2),(31,196,4),(31,199,2),(31,200,5),(31,201,5),(31,202,5),(31,221,5),(31,222,5),(31,223,5),(32,6,3),(32,7,4),(32,8,4),(32,9,5),(32,10,5),(32,14,5),(32,16,4),(32,17,3),(32,18,5),(32,20,5),(32,28,5),(32,33,5),(32,48,5),(32,49,5),(32,58,5),(32,59,4),(32,65,5),(32,70,5),(32,76,3),(32,77,5),(32,82,5),(32,110,5),(32,117,3),(32,118,5),(32,129,5),(32,146,5),(32,150,5),(32,158,5),(32,159,5),(32,166,3),(32,174,4),(32,178,5),(32,204,5),(32,227,4),(32,246,5),(32,251,3),(32,253,2),(32,270,5),(32,273,5),(32,279,2),(32,280,5),(32,281,4),(32,286,5),(32,289,4),(32,293,4),(32,300,4),(32,306,4),(32,320,5),(32,321,5),(32,322,5),(32,323,5),(32,328,5),(32,331,5),(32,336,5),(32,339,5),(33,1,1),(33,2,3),(33,3,5),(33,4,4),(33,5,3),(33,6,3),(33,7,5),(33,8,2),(33,9,5),(33,10,5),(33,11,5),(33,13,5),(33,21,4),(33,22,3),(33,23,3),(33,24,3),(33,25,5),(33,28,2),(33,29,1),(33,30,2),(33,31,3),(33,32,5),(33,33,2),(33,34,1),(33,35,4),(33,36,2),(33,50,5),(33,51,5),(33,53,5),(33,56,5),(33,57,2),(33,65,5),(33,70,4),(33,74,4),(33,80,3),(33,83,3),(33,93,1),(33,94,2),(33,103,3),(33,104,3),(33,117,1),(33,118,1),(33,128,5),(33,143,5),(33,144,5),(33,146,2),(33,166,5),(33,167,3),(33,168,4),(33,169,2),(33,170,2),(33,171,5),(33,172,3),(33,174,3),(33,185,3),(33,186,3),(33,187,3),(33,188,3),(33,197,5),(34,6,5),(34,7,5),(34,9,5),(34,36,5),(34,38,5),(34,41,5),(34,44,3),(34,46,1),(34,50,5),(34,62,5),(34,65,5),(34,74,5),(34,81,5),(34,83,5),(34,92,5),(34,101,5),(34,105,5),(34,130,5),(34,134,5),(34,166,5),(34,174,4),(34,180,5),(34,184,5),(34,199,5),(34,200,5),(34,201,5),(34,202,5),(34,224,5),(34,227,5),(34,229,5),(35,16,4),(35,17,4),(35,18,5),(35,19,3),(35,20,5),(35,27,5),(35,79,4),(35,82,3),(35,95,4),(35,96,3),(35,137,1),(35,177,2),(35,184,5),(35,190,3),(35,199,3),(35,200,4),(35,201,4),(35,202,1),(35,206,4),(35,207,5),(35,210,2),(35,211,4),(35,212,2),(35,213,1),(35,214,4),(35,215,4),(35,216,5),(35,218,4),(35,219,2),(35,226,2),(35,228,1),(35,232,5),(36,6,4),(36,7,5),(36,9,5),(36,12,3),(36,17,3),(36,23,3),(36,25,3),(36,28,4),(36,29,5),(36,37,3),(36,38,3),(36,39,3),(36,41,3),(36,43,2),(36,44,4),(36,46,4),(36,51,1),(36,52,4),(36,60,5),(36,62,3),(36,64,2),(36,66,5),(36,75,3),(36,78,4),(36,80,3),(36,84,3),(36,104,3),(36,109,3),(36,110,4),(36,117,3),(36,118,4),(36,120,3),(36,135,4),(36,136,5),(36,141,5),(36,154,4),(36,155,3),(36,158,5),(36,165,4),(36,174,3),(36,178,4),(36,180,4),(36,184,5),(36,185,3),(36,188,3),(36,190,4),(36,195,1),(36,198,2),(36,200,4),(36,204,1),(36,209,4),(36,224,4),(36,229,4),(36,232,4),(36,233,4),(36,235,3),(36,236,4),(36,239,4),(36,240,3),(36,241,2),(36,242,4),(36,243,3),(36,245,4),(36,246,4),(36,248,4),(36,249,5),(36,250,4),(36,251,2),(36,252,5),(36,253,3),(36,254,4),(36,255,3),(36,256,3),(36,257,1),(36,258,4),(36,259,3),(36,260,5),(36,261,4),(36,262,4),(37,6,5),(37,7,5),(37,9,5),(37,25,4),(37,118,2),(37,174,3),(37,185,3),(37,251,4),(37,252,3),(37,253,4),(37,255,2),(37,256,3),(37,271,5),(37,272,1),(37,275,5),(38,3,5),(38,4,5),(38,6,4),(38,7,4),(38,9,5),(38,10,5),(38,23,5),(38,32,5),(38,33,5),(38,35,5),(38,52,1),(38,59,5),(38,80,5),(38,104,5),(38,109,4),(38,110,4),(38,118,2),(38,121,1),(38,122,1),(38,123,1),(38,124,1),(38,125,1),(38,126,1),(38,127,1),(38,130,1),(38,131,5),(38,132,1),(38,137,1),(38,142,5),(38,143,5),(38,162,5),(38,174,5),(38,177,3),(38,180,5),(38,181,4),(38,183,1),(38,184,5),(38,185,2),(38,193,3),(38,194,4),(38,195,2),(38,196,3),(38,197,5),(38,199,5),(38,200,5),(38,201,5),(38,232,5),(38,233,4),(38,235,5),(38,236,5),(38,239,3),(38,240,5),(38,251,3),(38,252,4),(38,253,4),(38,254,4),(38,255,2),(38,256,3),(38,257,4),(38,258,5),(38,262,5),(38,264,5),(39,6,3),(39,7,3),(39,8,4),(39,9,4),(39,10,5),(39,25,4),(39,65,5),(39,70,4),(39,94,3),(39,117,3),(39,122,5),(39,123,3),(39,125,4),(39,126,4),(39,128,3),(39,143,2),(39,167,1),(39,174,3),(39,176,3),(39,183,4),(39,185,3),(39,186,3),(39,193,2),(39,194,3),(39,196,3),(39,224,2),(39,227,3),(39,251,4),(39,252,2),(39,253,4),(39,254,3),(39,255,2),(39,257,2),(39,262,1),(39,264,2),(40,1,2),(40,2,3),(40,3,2),(40,4,5),(40,5,2),(40,6,5),(40,7,4),(40,8,4),(40,9,5),(40,10,3),(40,13,5),(40,16,4),(40,17,4),(40,18,5),(40,19,5),(40,20,5),(40,21,2),(40,22,3),(40,23,2),(40,24,3),(40,25,4),(40,27,3),(40,29,5),(40,38,5),(40,39,2),(40,42,4),(40,43,4),(40,44,3),(40,53,4),(40,56,2),(40,60,5),(40,65,4),(40,70,5),(40,71,2),(40,72,2),(40,75,4),(40,79,5),(40,80,3),(40,82,3),(40,83,5),(40,93,1),(40,94,3),(40,95,4),(40,96,3),(40,101,4),(40,103,2),(40,104,3),(40,109,4),(40,110,5),(40,111,4),(40,112,4),(40,113,4),(40,114,5),(40,115,4),(40,117,4),(40,118,1),(40,120,3),(40,125,4),(40,128,4),(40,133,3),(40,135,3),(40,138,5),(40,139,3),(40,140,5),(40,142,5),(40,143,4),(40,144,4),(40,145,4),(40,146,3),(40,156,4),(40,158,5),(40,160,3),(40,165,4),(40,166,5),(40,168,4),(40,169,2),(40,170,1),(40,171,4),(40,172,4),(40,174,4),(40,176,3),(40,185,3),(40,186,5),(40,187,3),(40,188,3),(40,189,4),(40,190,2),(40,193,4),(40,194,3),(40,195,1),(40,196,1),(40,197,5),(40,199,4),(40,200,5),(40,201,5),(40,203,5),(40,219,4),(40,223,4),(40,224,5),(40,225,1),(40,226,4),(40,227,5),(40,228,3),(40,229,4),(40,239,3),(40,240,3),(40,241,2),(40,242,4),(40,243,2),(40,244,5),(40,251,3),(40,252,2),(40,253,5),(40,254,4),(40,255,3),(40,256,3),(40,257,3),(40,262,4),(40,265,5),(40,273,5),(41,6,4),(41,7,4),(41,9,5),(41,10,5),(41,11,4),(41,13,3),(41,14,5),(41,17,5),(41,28,3),(41,29,3),(41,30,1),(41,31,5),(41,32,2),(41,33,2),(41,34,5),(41,35,2),(41,36,5),(41,50,5),(41,52,1),(41,81,5),(41,111,1),(41,112,1),(41,113,1),(41,114,2),(41,118,2),(41,119,1),(41,120,1),(41,121,1),(41,129,1),(41,130,1),(41,131,3),(41,132,1),(41,137,5),(41,139,1),(41,140,1),(41,152,2),(41,158,5),(41,174,5),(41,176,2),(41,177,1),(41,178,1),(41,180,4),(41,185,3),(41,190,4),(41,193,3),(41,194,3),(41,195,2),(41,196,3),(41,198,4),(41,203,4),(41,204,2),(41,205,2),(41,206,5),(41,207,2),(41,208,2),(41,209,5),(41,210,2),(41,211,2),(41,212,1),(41,213,2),(41,214,3),(41,215,2),(41,216,2),(41,217,2),(41,218,3),(41,219,3),(41,220,1),(41,221,5),(41,224,5),(41,244,3),(41,248,4),(41,251,5),(41,252,3),(41,253,5),(41,254,3),(41,255,2),(41,256,3),(41,257,3),(41,262,3),(41,265,1),(41,266,5),(41,267,5),(41,268,5),(41,269,5),(41,270,5),(41,272,5),(41,320,4),(41,321,5),(41,327,5),(41,383,4),(42,2,3),(42,6,3),(42,8,4),(42,9,5),(42,10,4),(42,25,4),(42,53,5),(42,73,5),(42,94,5),(42,109,4),(42,110,4),(42,114,5),(42,117,2),(42,118,2),(42,128,5),(42,138,4),(42,143,4),(42,144,3),(42,147,4),(42,148,3),(42,149,5),(42,171,2),(42,172,4),(42,174,5),(42,184,5),(42,185,4),(42,191,4),(42,192,3),(42,197,3),(42,200,3),(42,201,4),(42,224,3),(42,232,4),(42,235,5),(42,236,5),(42,239,1),(42,258,5),(42,259,3),(42,312,5),(43,104,5),(43,142,5),(43,157,5),(43,158,5),(43,159,1),(43,181,1),(43,182,1),(43,188,5),(43,199,5),(43,200,5),(43,201,5),(43,202,5),(43,222,5),(43,228,1),(43,230,5),(43,251,5),(43,252,1),(43,253,5),(43,254,1),(43,255,5),(43,256,1),(43,257,1),(43,258,5),(43,274,1),(43,276,5),(43,277,5),(43,278,1),(44,28,2),(44,29,2),(44,30,2),(44,31,3),(44,32,4),(44,33,4),(44,34,1),(44,35,4),(44,36,2),(44,57,1),(44,231,3),(44,244,3),(44,251,1),(44,252,4),(44,253,5),(44,254,2),(44,255,1),(44,256,2),(44,257,3),(45,251,1),(45,252,1),(45,253,3),(45,254,2),(45,255,1),(45,256,1),(45,257,1),(45,279,1),(45,280,4),(45,281,4),(45,282,2),(45,283,5),(46,251,4),(46,252,3),(46,253,2),(46,254,2),(46,255,3),(46,256,4),(46,279,4),(46,280,5),(46,281,3),(46,282,2),(46,283,4),(46,286,5),(46,289,1),(47,6,2),(47,7,4),(47,8,5),(47,9,2),(47,10,2),(47,11,5),(47,12,4),(47,13,2),(47,14,5),(47,15,2),(47,25,2),(47,48,5),(47,49,5),(47,50,3),(47,51,5),(47,54,2),(47,74,2),(47,81,2),(47,84,5),(47,92,2),(47,93,1),(47,94,2),(47,97,2),(47,117,4),(47,118,5),(47,128,2),(47,137,4),(47,141,5),(47,143,2),(47,151,2),(47,152,4),(47,158,3),(47,159,4),(47,160,3),(47,174,5),(47,176,1),(47,184,5),(47,185,1),(47,186,2),(47,193,3),(47,194,3),(47,195,1),(47,196,1),(47,203,1),(47,204,1),(47,209,3),(47,221,5),(47,224,2),(47,234,5),(47,236,5),(47,239,2),(47,245,2),(47,251,3),(47,252,4),(47,253,2),(47,254,5),(47,255,2),(47,256,2),(47,257,1),(47,258,5),(47,262,3),(47,274,5),(47,277,2),(47,279,2),(47,280,3),(47,281,3),(47,282,1),(47,283,3),(47,286,5),(47,287,2),(47,288,2),(47,289,5),(47,290,5),(47,291,5),(47,292,4),(47,293,5),(47,300,2),(47,303,1),(47,306,1),(48,1,3),(48,4,4),(48,104,3),(48,142,4),(48,144,1),(48,169,2),(48,181,3),(48,182,3),(48,188,3),(48,251,4),(48,252,3),(48,253,4),(48,254,3),(48,255,4),(48,256,3),(48,257,4),(48,279,3),(48,280,3),(48,281,4),(48,282,4),(48,283,3),(48,286,3),(48,289,4),(48,293,3),(48,294,4),(48,300,4),(48,303,3),(48,306,4),(49,3,4),(49,4,5),(49,13,2),(49,14,5),(49,22,4),(49,23,4),(49,28,1),(49,31,1),(49,32,5),(49,33,1),(49,35,1),(49,36,5),(49,49,4),(49,51,4),(49,54,3),(49,74,5),(49,137,1),(49,146,5),(49,177,1),(49,203,5),(49,204,1),(49,205,1),(49,206,1),(49,207,1),(49,208,1),(49,209,1),(49,210,1),(49,211,1),(49,212,1),(49,213,1),(49,214,1),(49,215,1),(49,216,1),(49,217,1),(49,218,1),(49,219,1),(49,220,1),(49,231,1),(49,244,1),(49,251,2),(49,252,5),(49,253,5),(49,254,4),(49,255,3),(49,256,2),(49,257,4),(49,279,3),(49,281,4),(49,283,4),(49,286,5),(49,287,5),(49,289,5),(49,293,4),(49,300,3),(49,303,5),(49,306,4),(49,320,5),(49,321,4),(49,322,3),(49,323,2),(49,337,5),(50,1,4),(50,2,5),(50,3,5),(50,6,5),(50,13,5),(50,14,1),(50,16,4),(50,17,4),(50,19,4),(50,20,3),(50,27,4),(50,32,5),(50,70,4),(50,73,5),(50,79,4),(50,81,5),(50,96,4),(50,110,5),(50,113,5),(50,115,5),(50,120,5),(50,137,5),(50,166,4),(50,189,4),(50,191,5),(50,203,5),(50,227,4),(50,235,5),(50,236,5),(50,251,3),(50,253,3),(50,258,5),(50,268,5),(50,280,1),(50,281,1),(50,284,5),(50,289,3),(50,300,1),(50,306,3),(50,343,5),(50,349,4),(50,373,5),(51,1,4),(51,2,4),(51,3,4),(51,4,4),(51,5,4),(51,6,3),(51,7,3),(51,8,5),(51,9,4),(51,10,3),(51,11,5),(51,12,4),(51,13,3),(51,14,3),(51,15,5),(51,16,4),(51,17,4),(51,18,4),(51,19,3),(51,20,4),(51,21,4),(51,22,3),(51,23,3),(51,24,4),(51,25,5),(51,27,3),(51,28,2),(51,29,2),(51,30,2),(51,31,3),(51,32,5),(51,33,4),(51,34,3),(51,35,3),(51,36,2),(51,47,4),(51,48,3),(51,49,4),(51,50,5),(51,51,4),(51,52,3),(51,53,3),(51,54,2),(51,56,4),(51,57,2),(51,58,5),(51,59,4),(51,65,4),(51,66,5),(51,67,4),(51,70,4),(51,71,3),(51,72,3),(51,73,3),(51,74,3),(51,76,4),(51,77,4),(51,78,4),(51,79,4),(51,80,3),(51,81,3),(51,82,4),(51,83,4),(51,84,4),(51,92,4),(51,93,2),(51,94,3),(51,95,4),(51,96,4),(51,97,3),(51,98,4),(51,99,4),(51,100,4),(51,103,4),(51,104,3),(51,107,3),(51,111,4),(51,112,5),(51,113,5),(51,115,3),(51,117,3),(51,118,2),(51,119,4),(51,120,4),(51,121,3),(51,122,3),(51,123,3),(51,124,4),(51,125,4),(51,126,4),(51,127,3),(51,128,3),(51,129,4),(51,130,3),(51,131,4),(51,132,4),(51,136,4),(51,137,3),(51,139,4),(51,140,4),(51,141,4),(51,142,5),(51,143,2),(51,144,4),(51,145,4),(51,146,2),(51,147,3),(51,148,3),(51,149,3),(51,150,2),(51,151,4),(51,152,3),(51,157,4),(51,158,5),(51,159,2),(51,160,4),(51,161,3),(51,162,4),(51,163,5),(51,164,4),(51,165,3),(51,166,4),(51,167,3),(51,168,3),(51,169,3),(51,170,2),(51,171,3),(51,172,3),(51,173,3),(51,174,4),(51,175,3),(51,176,3),(51,177,2),(51,178,4),(51,180,5),(51,181,4),(51,182,4),(51,183,4),(51,185,3),(51,186,4),(51,187,4),(51,188,3),(51,189,3),(51,190,3),(51,191,3),(51,192,3),(51,193,4),(51,194,3),(51,195,4),(51,196,3),(51,197,4),(51,198,4),(51,203,4),(51,204,2),(51,205,3),(51,206,4),(51,207,3),(51,208,3),(51,209,2),(51,210,2),(51,211,2),(51,212,1),(51,213,2),(51,214,3),(51,215,2),(51,216,4),(51,217,2),(51,218,3),(51,219,3),(51,220,2),(51,221,4),(51,222,4),(51,223,4),(51,224,5),(51,225,2),(51,226,4),(51,227,3),(51,230,4),(51,231,2),(51,239,2),(51,240,3),(51,241,2),(51,242,3),(51,243,3),(51,244,2),(51,245,4),(51,246,4),(51,248,3),(51,249,4),(51,250,4),(51,251,3),(51,252,2),(51,253,5),(51,254,3),(51,255,4),(51,256,4),(51,257,3),(51,259,3),(51,260,4),(51,261,4),(51,262,4),(51,264,4),(51,265,3),(51,266,5),(51,267,4),(51,268,3),(51,269,4),(51,270,3),(51,271,2),(51,272,3),(51,273,4),(51,275,4),(51,277,4),(51,279,3),(51,280,4),(51,281,4),(51,282,3),(51,283,2),(51,284,5),(51,285,4),(51,286,3),(51,287,3),(51,288,3),(51,289,4),(51,290,3),(51,291,4),(51,292,3),(51,293,4),(51,294,3),(51,300,4),(51,303,3),(51,306,4),(51,310,2),(51,311,5),(51,320,4),(51,321,4),(51,322,4),(51,323,4),(51,324,3),(51,326,4),(51,327,4),(51,328,5),(51,329,3),(51,330,4),(51,331,4),(51,332,5),(51,333,4),(51,334,4),(51,335,3),(51,337,3),(51,338,3),(51,339,5),(51,340,4),(51,341,5),(51,342,5),(51,343,5),(51,344,4),(51,345,5),(51,349,5),(51,350,4),(51,369,5),(51,374,4),(52,2,5),(52,8,5),(52,9,5),(52,19,5),(52,25,4),(52,50,5),(52,81,5),(52,94,4),(52,117,3),(52,118,1),(52,131,5),(52,146,3),(52,174,5),(52,185,3),(52,186,4);
/*!40000 ALTER TABLE `ratings` ENABLE KEYS */;
UNLOCK TABLES;

--
-- Table structure for table `users`
--

DROP TABLE IF EXISTS `users`;
/*!40101 SET @saved_cs_client     = @@character_set_client */;
/*!40101 SET character_set_client = utf8 */;
CREATE TABLE `users` (
  `user_id` int(11) NOT NULL AUTO_INCREMENT,
  `email` varchar(40) NOT NULL,
  `passw` text,
  `credit_total` int(11) DEFAULT '0',
  `quality_weight` double DEFAULT '1',
  `flag_count` int(11) DEFAULT '0',
  `admin_val` int(11) NOT NULL DEFAULT '0',
  PRIMARY KEY (`user_id`)
) ENGINE=InnoDB AUTO_INCREMENT=56 DEFAULT CHARSET=latin1;
/*!40101 SET character_set_client = @saved_cs_client */;

--
-- Dumping data for table `users`
--

LOCK TABLES `users` WRITE;
/*!40000 ALTER TABLE `users` DISABLE KEYS */;
INSERT INTO `users` VALUES (1,'hsust@seas.upenn.edu','pbkdf2:sha1:1000$0mgJl9gx$49ba28d74bf2c07d7b1e603a293c498c7770deaa',0,1,0,0),(2,'channat@seas.upenn.edu','pbkdf2:sha1:1000$0mgJl9gx$49ba28d74bf2c07d7b1e603a293c498c7770deaa',20,0.9,1,0),(4,'smaiman@seas.upenn.edu','pbkdf2:sha1:1000$0mgJl9gx$49ba28d74bf2c07d7b1e603a293c498c7770deaa',10,0.9,1,0),(5,'tadas@seas.upenn.edu','pbkdf2:sha1:1000$0mgJl9gx$49ba28d74bf2c07d7b1e603a293c498c7770deaa',10,0.109418989131512,21,0),(11,'phamb@seas.upenn.edu','pbkdf2:sha1:1000$leZrcESj$de2a746e4828a0b929d2996022a7fe027b15f77a',10,0.729,3,0),(12,'shauryad@seas.upenn.edu','pbkdf2:sha1:1000$usa0ug3r$1fbcd5b6187ded66a5cf8f1212590b2b8fcb8bae',10,0.0250315550499324,35,0),(13,'emhong@sas.upenn.edu','pbkdf2:sha1:1000$VRtOP8Ig$22b32b440c6538a8f4da2b9148c2001e89870ef9',10,1,0,0),(14,'wendyz@sas.upenn.edu','pbkdf2:sha1:1000$7ZwHski0$7ed45c0309220a6834284a518cdd1b397d2c030a',10,1,0,0),(15,'aliceren@seas.upenn.edu','pbkdf2:sha1:1000$BVVKRrdl$e71d0bdfdec10056c84ff4ca647972ec08af78a4',10,1,0,0),(16,'sartang@sas.upenn.edu','pbkdf2:sha1:1000$51wFrgem$495461bec3f64bdec4e9999cfa35e83e9df89851',10,1,0,0),(17,'ryin@seas.upenn.edu','pbkdf2:sha1:1000$uIogePmb$5b9403a3ab35dd5f57e3687c73ac0cc815c952d0',10,1,0,0),(18,'ccb@upenn.edu','pbkdf2:sha1:1000$jAEO959R$8f417acebb27294af62478b883c783177ccf6178',10,1,0,0),(19,'ehamp@seas.upenn.edu','pbkdf2:sha1:1000$7TztI6fn$e070a45747aba08c3bfc599d62bc19cf2945985e',10,0.81,2,0),(20,'yuguang@seas.upenn.edu','pbkdf2:sha1:1000$Mrghflbg$d861f6f7a5f487ebee22a97a9542938078238431',10,0.205891132094649,15,0),(21,'anakaa@sas.upenn.edu','pbkdf2:sha1:1000$hpkcMqPl$314b8c54e1907f635e3fd8c0772a36ffafe0e26f',10,0.59049,5,0),(22,'bleitner@seas.upenn.edu','pbkdf2:sha1:1000$ot6mf8Lq$53dfef68c15e97547eb54adce7cdc3a05873f723',10,0.81,2,0),(23,'hyele@sas.upenn.edu','pbkdf2:sha1:1000$RphoHi1c$8e6281f545cb8802276bb9d429b7cc2514a9383c',10,1,0,0),(24,'sadeghij@sas.upenn.edu','pbkdf2:sha1:1000$Ozgzvome$c677df211d30e4d3f145abe3b2597f4f87556237',10,1,0,0),(25,'choua@seas.upenn.edu','pbkdf2:sha1:1000$8Dur293i$a27cc4a489bc785df58b9fc34836af8f75149dec',10,1,0,0),(26,'annayang@wharton.upenn.edu','pbkdf2:sha1:1000$nDI8BNO3$6e71b981b61e424cb58371dab94679f4754cea73',10,1,0,0),(27,'agraffy@wharton.upenn.edu','pbkdf2:sha1:1000$Y3JQzui0$eeea238d0c5b704bed9572d2b5a82bbbf580f0a7',10,0.9,1,0),(28,'frost@seas.upenn.edu','pbkdf2:sha1:1000$nFjob0jl$217d9247e1191cdd315662d4936b05128053aa87',10,1,0,0),(29,'chingo@sas.upenn.edu','pbkdf2:sha1:1000$Ijh5HJv0$b60bea5277f53749221a015ac69ae43bc64cff59',10,1,0,0),(30,'nachmany@seas.upenn.edu','pbkdf2:sha1:1000$tX8EiF11$faed808bc09913b5e145b5e2f44dfd2c4b6725b9',10,1,0,0),(31,'alexwhit@seas.upenn.edu','pbkdf2:sha1:1000$PdCOo1oa$3e23ba1358993e6040c733fe9c4fcddc82c6d02d',10,1,0,0),(32,'mengj@sas.upenn.edu','pbkdf2:sha1:1000$4iSxUXbS$f563234e091c2bdefbeb1bdf2da6473935c46019',10,0.9,1,0),(33,'lsilb@seas.upenn.edu','pbkdf2:sha1:1000$lf8zW5C9$6e50c4db15a3fca1bc2fe9f2047e0210e20db304',10,0.9,1,0),(34,'ankitac@seas.upenn.edu','pbkdf2:sha1:1000$7yc6pHyM$d40a26f24f1f18ed58d87e5dabc7ff6cbf91f0b6',10,1,0,0),(35,'madgel@seas.upenn.edu','pbkdf2:sha1:1000$dWBwRu2w$286f9ededf88191c626704f35ef1c33085e8bf2d',10,1,0,0),(36,'liujo@sas.upenn.edu','pbkdf2:sha1:1000$BuFCbQZi$3346e2b46e8c8f9d5ca9e1fb0528c0a9661a9982',10,0.109418989131512,21,0),(37,'maale@sas.upenn.edu','pbkdf2:sha1:1000$lEjYtLPo$3db48d10e98e5f581f4e6aa642fa6dd2847fb5af',10,1,0,0),(38,'micwen@wharton.upenn.edu','pbkdf2:sha1:1000$FwnQ4XNK$fc2a3c3d680fe8539c2edffdd671428e8e1901e7',10,1,0,0),(39,'ashley@sas.upenn.edu','pbkdf2:sha1:1000$r3TwJJ7H$254b95ed5a2d794ceececdb5229d56a314209dae',10,1,0,0),(40,'selmabel@seas.upenn.edu','pbkdf2:sha1:1000$CgdndxEu$a7f4db98f00f257d765ef4817fa0ab4f3ed91f71',10,1,0,0),(41,'pzuo@seas.upenn.edu','pbkdf2:sha1:1000$TfwLMpGI$341a830823e0c361c35f3dd85c3f1661d849e471',10,0.729,3,0),(42,'nsankar@wharton.upenn.edu','pbkdf2:sha1:1000$7kNypA1L$0b193bad346ac0978a6e5b855e67fa5e68bafa04',10,1,0,0),(43,'lcriso@seas.upenn.edu','pbkdf2:sha1:1000$ZWFMLOiV$4d924f4e44595346050b557e4fc999e72ee5fa3f',10,1,0,0),(44,'mgaston@seas.upenn.edu','pbkdf2:sha1:1000$Uxo5W1gZ$14bac94223219e8a40bb77d79a9dd62c7c083747',10,1,0,0),(45,'mowa@seas.upenn.edu','pbkdf2:sha1:1000$uepqKhOx$c910ccd0298b34cffbe6e34485a4514c581f2203',10,1,0,0),(46,'foobar@sas.upenn.edu','pbkdf2:sha1:1000$W3PdMUce$ac2423000b19f3e2064a51fc4586b00fdb74bdd3',10,0.59049,5,0),(47,'daksong@sas.upenn.edu','pbkdf2:sha1:1000$lQk0YsyL$480c5e66646e90a9f79a4d573e620e48359b08fb',10,1,0,0),(48,'soniali@wharton.upenn.edu','pbkdf2:sha1:1000$d9TxKBka$9d262c76e3947a7f985c87f637e33b8d29195f58',10,1,0,0),(49,'davidcao@seas.upenn.edu','pbkdf2:sha1:1000$egOslufX$9fe0e52f157731b15a700e8a0a3305a08acdb7ce',10,1,0,0),(50,'minski@sas.upenn.edu','pbkdf2:sha1:1000$65rjGW4q$ce9168898a54b630566e2a05c153909ea2db3a7c',10,1,0,0),(51,'dikopfg@seas.upenn.edu','pbkdf2:sha1:1000$8hvUixhe$10e310e6c52af0855daf2d453f55b7d796ef8a6a',10,0.6561,4,0),(52,'pstakoff@seas.upenn.edu','pbkdf2:sha1:1000$9IcdDYEq$594ab2a187ea00e8ee98288f152721e967458049',10,1,0,0),(53,'organs@seas.upenn.edu','pbkdf2:sha1:1000$cE6VmZTi$e122599376a54af514d4bbfcc20d63981e4d0102',10,1,0,0),(54,'zhaike@seas.upenn.edu','pbkdf2:sha1:1000$VfmGgdpF$e526977d1827129ec8f757597f286c9713af0396',10,1,0,0),(55,'mmcravy@nursing.upenn.edu','pbkdf2:sha1:1000$SNGWHsvh$759ae4236fef287defaa25b98e7a2f2b509a9636',10,1,0,0);
/*!40000 ALTER TABLE `users` ENABLE KEYS */;
UNLOCK TABLES;
/*!40103 SET TIME_ZONE=@OLD_TIME_ZONE */;

/*!40101 SET SQL_MODE=@OLD_SQL_MODE */;
/*!40014 SET FOREIGN_KEY_CHECKS=@OLD_FOREIGN_KEY_CHECKS */;
/*!40014 SET UNIQUE_CHECKS=@OLD_UNIQUE_CHECKS */;
/*!40101 SET CHARACTER_SET_CLIENT=@OLD_CHARACTER_SET_CLIENT */;
/*!40101 SET CHARACTER_SET_RESULTS=@OLD_CHARACTER_SET_RESULTS */;
/*!40101 SET COLLATION_CONNECTION=@OLD_COLLATION_CONNECTION */;
/*!40111 SET SQL_NOTES=@OLD_SQL_NOTES */;

-- Dump completed on 2016-05-01 12:37:02
